,Tweets,Happiness,Anger,Fear,Sadness,Disgust,Sentiment
0,need give necessarytheyll need better better,0.2,0.2,0.2,0.2,0.2,Neutral
1,need give necessarytheyll need better better,0.2,0.2,0.2,0.2,0.2,Neutral
2,need give necessarytheyll need better better,0.2,0.2,0.2,0.2,0.2,Neutral
3,need b hospital boghivenkatesh,0.720000,0.895000,1.655000,1.660000,0.995000,Sadness
4,leading amp also charging,0.2,0.2,0.2,0.2,0.2,Neutral
5,central key peak economic,1.055000,0.665000,0.625000,0.610000,0.565000,Happiness
6,need give necessarytheyll need better better,0.2,0.2,0.2,0.2,0.2,Neutral
7,need give necessarytheyll need better better,0.2,0.2,0.2,0.2,0.2,Neutral
8,kannadgas low aiims,0.2,0.2,0.2,0.2,0.2,Neutral
9,want achieve completely seen,0.2,0.2,0.2,0.2,0.2,Neutral
10,anurag samantaray asish kiit,0.2,0.2,0.2,0.2,0.2,Neutral
11,delhi many work sanitary,0.2,0.2,0.2,0.2,0.2,Neutral
12,gets close prefer aiims delhi mere batchmates,0.2,0.2,0.2,0.2,0.2,Neutral
13,i pay bhubaneswar successfully paid,2.140000,0.570000,0.815000,0.610000,0.550000,Happiness
14,neemgi drdattaaiims pbmci dont know go private,0.2,0.2,0.2,0.2,0.2,Neutral
15,agra prioritize wellbeing offering supported,0.2,0.2,0.2,0.2,0.2,Neutral
16,counselling start immediately aiims exam faima,0.2,0.2,0.2,0.2,0.2,Neutral
17,died first second india low notable,0.2,0.2,0.2,0.2,0.2,Neutral
18,afmc filled aiims filled,0.2,0.2,0.2,0.2,0.2,Neutral
19,need b hospital boghivenkatesh,0.360000,0.447500,0.827500,0.830000,0.497500,Sadness
20,medical taxfree refer,0.2,0.2,0.2,0.2,0.2,Neutral
21,anurag samantaray asish kiit,0.2,0.2,0.2,0.2,0.2,Neutral
22,arya amp inspires youth insightful,2.075000,0.860000,0.785000,0.900000,0.705000,Happiness
23,rishikesh distributed nikshay mitra yojana,0.2,0.2,0.2,0.2,0.2,Neutral
24,aiims hospitalcall boghivenkatesh,0.2,0.2,0.2,0.2,0.2,Neutral
25,drericding remove negative,0.2,0.2,0.2,0.2,0.2,Neutral
26,know removed doses ml,0.2,0.2,0.2,0.2,0.2,Neutral
27,arya amp inspires,0.2,0.2,0.2,0.2,0.2,Neutral
28,need b hospital boghivenkatesh,0.180000,0.223750,0.413750,0.415000,0.248750,Sadness
29,need b hospital boghivenkatesh,0.090000,0.111875,0.206875,0.207500,0.124375,Sadness
30,need b hospital boghivenkatesh,0.045000,0.055938,0.103438,0.103750,0.062187,Sadness
31,need b hospital boghivenkatesh,0.022500,0.027969,0.051719,0.051875,0.031094,Sadness
32,swabs collected claimed,0.2,0.2,0.2,0.2,0.2,Neutral
33,holding accountable ongoing,0.2,0.2,0.2,0.2,0.2,Neutral
34,complained harrasment aiims bhubaneswarimmediate taken,0.2,0.2,0.2,0.2,0.2,Neutral
35,holding accountable ongoing,0.2,0.2,0.2,0.2,0.2,Neutral
36,swabs collected claimed,0.2,0.2,0.2,0.2,0.2,Neutral
37,told made cooper,0.2,0.2,0.2,0.2,0.2,Neutral
38,made uturn aiims,0.2,0.2,0.2,0.2,0.2,Neutral
39,sanjayjhabihar darbhangalive,0.2,0.2,0.2,0.2,0.2,Neutral
40,rishilesh inaugurated cafe,0.2,0.2,0.2,0.2,0.2,Neutral
41,oo intellectual never built temple using public built aiims,0.2,0.2,0.2,0.2,0.2,Neutral
42,anurag samantaray asish kiit,0.2,0.2,0.2,0.2,0.2,Neutral
43,cake cut mos welfaredr bharti pawar cafe ris,1.252500,1.030000,1.055000,0.990000,0.947500,Happiness
44,needs immediate medical pls,0.2,0.2,0.2,0.2,0.2,Neutral
45,rishikesh distributed nikshay mitra yojana,0.2,0.2,0.2,0.2,0.2,Neutral
46,is baar hi,0.2,0.2,0.2,0.2,0.2,Neutral
47,inform great well known medical,0.2,0.2,0.2,0.2,0.2,Neutral
48,rishikesh distributed nikshay mitra yojana,0.2,0.2,0.2,0.2,0.2,Neutral
49,i think consider ini giving todays easy aachi,1.960000,0.555000,0.595000,0.575000,0.545000,Happiness
50,anurag samantaray asish kiit,0.2,0.2,0.2,0.2,0.2,Neutral
51,need b hospital boghivenkatesh,0.011250,0.013984,0.025859,0.025937,0.015547,Sadness
52,oo intellectual never built temple using public built aiims,0.2,0.2,0.2,0.2,0.2,Neutral
53,dear india amp apollos primary,0.2,0.2,0.2,0.2,0.2,Neutral
54,assuring get roller aiims,0.2,0.2,0.2,0.2,0.2,Neutral
55,rishikesh distributed nikshay mitra yojana,0.2,0.2,0.2,0.2,0.2,Neutral
56,rishikesh distributed nikshay mitra yojana,0.2,0.2,0.2,0.2,0.2,Neutral
57,annamalaik namma aiims,0.2,0.2,0.2,0.2,0.2,Neutral
58,rishikesh distributed nikshay mitra yojana,0.2,0.2,0.2,0.2,0.2,Neutral
59,conducted amp interactive,0.2,0.2,0.2,0.2,0.2,Neutral
60,visited new delhi wellbeing hakim ahmed sahab,0.2,0.2,0.2,0.2,0.2,Neutral
61,rishilesh inaugurated cafe,0.2,0.2,0.2,0.2,0.2,Neutral
62,inform great well known medical,0.2,0.2,0.2,0.2,0.2,Neutral
63,drdhruvchauhan dundarajodhpur drvipinyogi,0.2,0.2,0.2,0.2,0.2,Neutral
64,cake cut mos welfaredr bharti pawar cafe ris,0.626250,0.515000,0.527500,0.495000,0.473750,Happiness
65,need b hospital boghivenkatesh,0.005625,0.006992,0.012930,0.012969,0.007773,Sadness
66,drdhruvchauhan dundarajodhpur drvipinyogi,0.2,0.2,0.2,0.2,0.2,Neutral
67,madmanweb ptinews rush,0.2,0.2,0.2,0.2,0.2,Neutral
68,waiting,0.2,0.2,0.2,0.2,0.2,Neutral
69,preeti right longest surviving cadaveric cardiac,0.2,0.2,0.2,0.2,0.2,Neutral
70,bhopal purple underpass,0.2,0.2,0.2,0.2,0.2,Neutral
71,top medical india,0.2,0.2,0.2,0.2,0.2,Neutral
72,anurag samantaray asish kiit,0.2,0.2,0.2,0.2,0.2,Neutral
73,need b hospital boghivenkatesh,0.002812,0.003496,0.006465,0.006484,0.003887,Sadness
74,nbirensingh see,0.2,0.2,0.2,0.2,0.2,Neutral
75,aiims hospitalcall boghivenkatesh,0.2,0.2,0.2,0.2,0.2,Neutral
76,need b hospital boghivenkatesh,0.001406,0.001748,0.003232,0.003242,0.001943,Sadness
77,aiims hospitalcall boghivenkatesh,0.2,0.2,0.2,0.2,0.2,Neutral
78,died first second india low notable,0.2,0.2,0.2,0.2,0.2,Neutral
79,aiims hospitalcall boghivenkatesh,0.2,0.2,0.2,0.2,0.2,Neutral
80,learning neurological including transcranial many,1.765000,0.850000,0.830000,0.760000,0.555000,Happiness
81,gave neet todayit didnt go i expectedwith eligible,0.2,0.2,0.2,0.2,0.2,Neutral
82,aiims rishikeshby,0.2,0.2,0.2,0.2,0.2,Neutral
83,boycott go ayurved,0.2,0.2,0.2,0.2,0.2,Neutral
84,need b hospital boghivenkatesh,0.000703,0.000874,0.001616,0.001621,0.000972,Sadness
85,hybrid forward undergraduate medical delhiread ani,0.2,0.2,0.2,0.2,0.2,Neutral
86,neemgi drdattaaiims u ever feel doc done wrong u go,0.2,0.2,0.2,0.2,0.2,Neutral
87,built aiims km national,0.2,0.2,0.2,0.2,0.2,Neutral
88,swabs collected claimed,0.2,0.2,0.2,0.2,0.2,Neutral
89,swabs collected claimed,0.2,0.2,0.2,0.2,0.2,Neutral
90,neemgi pbmci also proud u feeling saying,1.590000,0.775000,0.790000,0.645000,0.630000,Happiness
91,anurag samantaray asish kiit,0.2,0.2,0.2,0.2,0.2,Neutral
92,preeti right longest surviving cadaveric cardiac,0.2,0.2,0.2,0.2,0.2,Neutral
93,rishilesh inaugurated cafe,0.2,0.2,0.2,0.2,0.2,Neutral
94,anurag samantaray asish kiit,0.2,0.2,0.2,0.2,0.2,Neutral
95,holding accountable ongoing,0.2,0.2,0.2,0.2,0.2,Neutral
96,bjp give coastal karnatakacoastal astonishing,0.2,0.2,0.2,0.2,0.2,Neutral
97,neemgi drdattaaiims treat,2.015000,0.545000,0.555000,0.555000,0.525000,Happiness
98,rishikesh distributed nikshay mitra yojana,0.2,0.2,0.2,0.2,0.2,Neutral
99,aiims confirmed,0.2,0.2,0.2,0.2,0.2,Neutral
100,aiims hospitalcall boghivenkatesh,0.2,0.2,0.2,0.2,0.2,Neutral
101,need b hospital boghivenkatesh,0.000352,0.000437,0.000808,0.000811,0.000486,Sadness
102,learning neurological including transcranial,0.882500,0.425000,0.415000,0.380000,0.277500,Happiness
103,rishikesh distributed nikshay mitra yojana,0.2,0.2,0.2,0.2,0.2,Neutral
104,need b hospital boghivenkatesh,0.000176,0.000219,0.000404,0.000405,0.000243,Sadness
105,oo intellectual never built temple using public built aiims,0.2,0.2,0.2,0.2,0.2,Neutral
106,is aiims delhi do am,0.2,0.2,0.2,0.2,0.2,Neutral
107,oo intellectual never built temple using public built aiims,0.2,0.2,0.2,0.2,0.2,Neutral
108,rishikesh distributed nikshay mitra yojana,0.2,0.2,0.2,0.2,0.2,Neutral
109,anurag samantaray asish kiit,0.2,0.2,0.2,0.2,0.2,Neutral
110,encouraging medical integral training ms sinhasumita,0.2,0.2,0.2,0.2,0.2,Neutral
111,rishilesh inaugurated cafe,0.2,0.2,0.2,0.2,0.2,Neutral
112,started aiimsdeoghar deoghar inaugurated,0.2,0.2,0.2,0.2,0.2,Neutral
113,rishikesh distributed nikshay mitra yojana,0.2,0.2,0.2,0.2,0.2,Neutral
114,need b hospital boghivenkatesh,0.000088,0.000109,0.000202,0.000203,0.000121,Sadness
115,amazing national prof nk,0.2,0.2,0.2,0.2,0.2,Neutral
116,told made cooper,0.2,0.2,0.2,0.2,0.2,Neutral
117,made uturn aiims,0.2,0.2,0.2,0.2,0.2,Neutral
118,aiims hospitalcall boghivenkatesh,0.2,0.2,0.2,0.2,0.2,Neutral
119,need b hospital boghivenkatesh,0.000044,0.000055,0.000101,0.000101,0.000061,Sadness
120,cake cut mos bharti pawar cafe,0.313125,0.257500,0.263750,0.247500,0.236875,Happiness
121,dumping yard bhubaneshwar sir difficult,0.550000,1.255000,1.135000,1.430000,1.435000,Disgust
122,rishikesh distributed nikshay mitra yojana,0.2,0.2,0.2,0.2,0.2,Neutral
123,rishikesh distributed nikshay mitra yojana,0.2,0.2,0.2,0.2,0.2,Neutral
124,rishilesh inaugurated cafe,0.2,0.2,0.2,0.2,0.2,Neutral
125,aiims hospitalcall boghivenkatesh,0.2,0.2,0.2,0.2,0.2,Neutral
126,anurag samantaray asish kiit,0.2,0.2,0.2,0.2,0.2,Neutral
127,sunday provide free,2.180000,0.575000,0.665000,0.575000,0.545000,Happiness
128,narendramodi taking still made many psu,0.2,0.2,0.2,0.2,0.2,Neutral
129,god pakka,1.960000,0.690000,0.945000,0.705000,0.545000,Happiness
130,aiims hospitalcall boghivenkatesh,0.2,0.2,0.2,0.2,0.2,Neutral
131,delighted bathinda successfully performed,1.710000,0.415000,0.486250,0.435000,0.407500,Happiness
132,rajwanshi aiims raebareli discuss vital promoting wellbeing,0.2,0.2,0.2,0.2,0.2,Neutral
133,delhi loading,0.2,0.2,0.2,0.2,0.2,Neutral
134,aiims hospitalcall boghivenkatesh,0.2,0.2,0.2,0.2,0.2,Neutral
135,rishilesh inaugurated cafe,0.2,0.2,0.2,0.2,0.2,Neutral
136,biggest i want,0.2,0.2,0.2,0.2,0.2,Neutral
137,need b hospital boghivenkatesh,0.000022,0.000027,0.000051,0.000051,0.000030,Sadness
138,anurag samantaray asish kiit,0.2,0.2,0.2,0.2,0.2,Neutral
139,preeti right longest surviving cadaveric cardiac,0.2,0.2,0.2,0.2,0.2,Neutral
140,need b hospital boghivenkatesh,0.000011,0.000014,0.000025,0.000025,0.000015,Sadness
141,aiims hospitalcall boghivenkatesh,0.2,0.2,0.2,0.2,0.2,Neutral
142,need b hospital boghivenkatesh,0.000005,0.000007,0.000013,0.000013,0.000008,Sadness
143,busy universitiescollegesschools hydrothermalnuclear dams railwaysbr,0.2,0.2,0.2,0.2,0.2,Neutral
144,aiims hospitalcall boghivenkatesh,0.2,0.2,0.2,0.2,0.2,Neutral
145,rishilesh inaugurated cafe,0.2,0.2,0.2,0.2,0.2,Neutral
146,oo intellectual never built temple using public built aiims,0.2,0.2,0.2,0.2,0.2,Neutral
147,oo intellectual never built temple using public built aiims,0.2,0.2,0.2,0.2,0.2,Neutral
148,cbed hdu raipurcontact,0.2,0.2,0.2,0.2,0.2,Neutral
149,busy universitiescollegesschools hydrothermalnuclear dams railwaysbr,0.2,0.2,0.2,0.2,0.2,Neutral
150,aiims hospitalcall boghivenkatesh,0.2,0.2,0.2,0.2,0.2,Neutral
151,anurag samantaray asish kiit,0.2,0.2,0.2,0.2,0.2,Neutral
152,need b hospital boghivenkatesh,0.000003,0.000003,0.000006,0.000006,0.000004,Sadness
153,narendramodi newsindia,0.2,0.2,0.2,0.2,0.2,Neutral
154,aiims hospitalcall boghivenkatesh,0.2,0.2,0.2,0.2,0.2,Neutral
155,available iit aiims,0.2,0.2,0.2,0.2,0.2,Neutral
156,preeti right longest surviving cadaveric cardiac,0.2,0.2,0.2,0.2,0.2,Neutral
157,discussed indigenous,0.2,0.2,0.2,0.2,0.2,Neutral
158,participated y organized rishikesh addressed young g,1.860000,0.845000,0.935000,0.880000,0.660000,Happiness
159,anurag samantaray asish kiit,0.2,0.2,0.2,0.2,0.2,Neutral
160,give cut,0.069375,0.175625,0.190625,0.159375,0.154375,Fear
161,aiims hospitalcall boghivenkatesh,0.2,0.2,0.2,0.2,0.2,Neutral
162,aiims hospitalcall boghivenkatesh,0.2,0.2,0.2,0.2,0.2,Neutral
163,aiims hospitalcall boghivenkatesh,0.2,0.2,0.2,0.2,0.2,Neutral
164,aiims hospitalcall cc,0.2,0.2,0.2,0.2,0.2,Neutral
165,make hope seeking referred,2.035000,0.550000,0.660000,0.675000,0.550000,Happiness
166,rajwanshi aiims raebareli discuss vital promoting wellbeing,0.2,0.2,0.2,0.2,0.2,Neutral
167,rishilesh inaugurated cafe,0.2,0.2,0.2,0.2,0.2,Neutral
168,need b hospital boghivenkatesh,0.000001,0.000002,0.000003,0.000003,0.000002,Sadness
169,going,0.2,0.2,0.2,0.2,0.2,Neutral
170,rishilesh inaugurated cafe,0.2,0.2,0.2,0.2,0.2,Neutral
171,rishilesh inaugurated cafe,0.2,0.2,0.2,0.2,0.2,Neutral
172,agree done ayurveda need build gl,0.2,0.2,0.2,0.2,0.2,Neutral
173,need b hospital boghivenkatesh,0.000001,0.000001,0.000002,0.000002,0.000001,Sadness
174,rishilesh inaugurated cafe,0.2,0.2,0.2,0.2,0.2,Neutral
175,narendramodi taking still made many psu,0.2,0.2,0.2,0.2,0.2,Neutral
176,recall not feature,0.2,0.2,0.2,0.2,0.2,Neutral
177,medical taxfree refer,0.2,0.2,0.2,0.2,0.2,Neutral
178,need b hospital boghivenkatesh,0.000000,0.000000,0.000001,0.000001,0.000000,Sadness
179,anurag samantaray asish kiit,0.2,0.2,0.2,0.2,0.2,Neutral
180,need b hospital boghivenkatesh,0.000000,0.000000,0.000000,0.000000,0.000000,
181,need b hospital boghivenkatesh,0.000000,0.000000,0.000000,0.000000,0.000000,
182,need b hospital boghivenkatesh,0.000000,0.000000,0.000000,0.000000,0.000000,
183,need b hospital boghivenkatesh,0.000000,0.000000,0.000000,0.000000,0.000000,
184,narendramodi first teach nursing diet,0.2,0.2,0.2,0.2,0.2,Neutral
185,busy universitiescollegesschools hydrothermalnuclear dams,0.2,0.2,0.2,0.2,0.2,Neutral
186,need b hospital boghivenkatesh,0.000000,0.000000,0.000000,0.000000,0.000000,
187,need b hospital boghivenkatesh,0.000000,0.000000,0.000000,0.000000,0.000000,
188,need b hospital boghivenkatesh,0.000000,0.000000,0.000000,0.000000,0.000000,
189,need b hospital boghivenkatesh,0.000000,0.000000,0.000000,0.000000,0.000000,
190,need b hospital boghivenkatesh,0.000000,0.000000,0.000000,0.000000,0.000000,
191,need b hospital boghivenkatesh,0.000000,0.000000,0.000000,0.000000,0.000000,
192,narendramodi taking still made many psu,0.2,0.2,0.2,0.2,0.2,Neutral
193,need b hospital boghivenkatesh,0.000000,0.000000,0.000000,0.000000,0.000000,
194,anurag samantaray asish kiit,0.2,0.2,0.2,0.2,0.2,Neutral
195,need b hospital boghivenkatesh,0.000000,0.000000,0.000000,0.000000,0.000000,
196,need b hospital boghivenkatesh,0.000000,0.000000,0.000000,0.000000,0.000000,
197,need b hospital boghivenkatesh,0.000000,0.000000,0.000000,0.000000,0.000000,
198,med nhi optho ini many,0.2,0.2,0.2,0.2,0.2,Neutral
199,need b hospital boghivenkatesh,0.000000,0.000000,0.000000,0.000000,0.000000,
200,need b hospital boghivenkatesh,0.000000,0.000000,0.000000,0.000000,0.000000,
201,need b hospital boghivenkatesh,0.000000,0.000000,0.000000,0.000000,0.000000,
202,need b hospital boghivenkatesh,0.000000,0.000000,0.000000,0.000000,0.000000,
203,need b hospital boghivenkatesh,0.000000,0.000000,0.000000,0.000000,0.000000,
204,need b hospital boghivenkatesh,0.000000,0.000000,0.000000,0.000000,0.000000,
205,unable selected full,0.2,0.2,0.2,0.2,0.2,Neutral
206,current,0.2,0.2,0.2,0.2,0.2,Neutral
207,anurag samantaray asish kiit,0.2,0.2,0.2,0.2,0.2,Neutral
208,anurag samantaray asish kiit,0.2,0.2,0.2,0.2,0.2,Neutral
209,drdhruvchauhan dundarajodhpur drvipinyogi legend,1.250000,0.590000,0.710000,0.675000,0.565000,Happiness
210,drdattaaiims pbmci represent,0.2,0.2,0.2,0.2,0.2,Neutral
211,lung oxidative upregulating si,0.2,0.2,0.2,0.2,0.2,Neutral
212,lung oxidative upregulating si,0.2,0.2,0.2,0.2,0.2,Neutral
213,coincidentally aiims ug bagal,0.2,0.2,0.2,0.2,0.2,Neutral
214,anurag samantaray asish kiit,0.2,0.2,0.2,0.2,0.2,Neutral
215,lung oxidative upregulating si,0.2,0.2,0.2,0.2,0.2,Neutral
216,anurag samantaray asish kiit,0.2,0.2,0.2,0.2,0.2,Neutral
217,lung oxidative upregulating si,0.2,0.2,0.2,0.2,0.2,Neutral
218,is public supposed go r legally licensed,0.2,0.2,0.2,0.2,0.2,Neutral
219,told made cooper,0.2,0.2,0.2,0.2,0.2,Neutral
220,made uturn aiims,0.2,0.2,0.2,0.2,0.2,Neutral
221,anurag samantaray asish kiit,0.2,0.2,0.2,0.2,0.2,Neutral
222,celebrates lung transplant celebrates lun,0.2,0.2,0.2,0.2,0.2,Neutral
223,celebrates lung transplant celebrates lun,0.2,0.2,0.2,0.2,0.2,Neutral
224,rajwanshi aiims raebareli discuss vital promoting wellbeing,0.2,0.2,0.2,0.2,0.2,Neutral
225,oo intellectual never built temple using public built aiims,0.2,0.2,0.2,0.2,0.2,Neutral
226,getting get aiims,0.2,0.2,0.2,0.2,0.2,Neutral
227,getting get aiims,0.2,0.2,0.2,0.2,0.2,Neutral
228,anurag samantaray asish kiit,0.2,0.2,0.2,0.2,0.2,Neutral
229,aiims rishikeshby,0.2,0.2,0.2,0.2,0.2,Neutral
230,rajwanshi aiims raebareli discuss vital promoting wellbeing,0.2,0.2,0.2,0.2,0.2,Neutral
231,anurag samantaray asish kiit,0.2,0.2,0.2,0.2,0.2,Neutral
232,had great y aiims rishikesh happy,2.340000,0.540000,0.555000,0.585000,0.550000,Happiness
233,rajwanshi aiims raebareli discuss vital promoting wellbeing,0.2,0.2,0.2,0.2,0.2,Neutral
234,anurag samantaray asish kiit,0.2,0.2,0.2,0.2,0.2,Neutral
235,leak selective suddenly take,0.2,0.2,0.2,0.2,0.2,Neutral
236,drdhruvchauhan dundarajodhpur drvipinyogi made inital medical easier,0.2,0.2,0.2,0.2,0.2,Neutral
237,oo intellectual never built temple using public built aiims,0.2,0.2,0.2,0.2,0.2,Neutral
238,ug manipur download,0.2,0.2,0.2,0.2,0.2,Neutral
239,gave branded overconfident usme exams i,0.2,0.2,0.2,0.2,0.2,Neutral
240,gave branded overconfident usme exams i,0.2,0.2,0.2,0.2,0.2,Neutral
241,narendramodi many iit airport made many new,0.2,0.2,0.2,0.2,0.2,Neutral
242,narendramodi taking still made many psu,0.2,0.2,0.2,0.2,0.2,Neutral
243,anurag samantaray asish kiit,0.2,0.2,0.2,0.2,0.2,Neutral
244,dear india amp apollos primary,0.2,0.2,0.2,0.2,0.2,Neutral
245,told made cooper,0.2,0.2,0.2,0.2,0.2,Neutral
246,made uturn aiims,0.2,0.2,0.2,0.2,0.2,Neutral
247,narendramodi taking still made many psu,0.2,0.2,0.2,0.2,0.2,Neutral
248,cbed hdu raipurcontact,0.2,0.2,0.2,0.2,0.2,Neutral
249,honoured invited discuss nutrition tribal national,0.2,0.2,0.2,0.2,0.2,Neutral
250,gets actually come complete manthe becomes,0.2,0.2,0.2,0.2,0.2,Neutral
251,anurag samantaray asish kiit,0.2,0.2,0.2,0.2,0.2,Neutral
252,cbed hdu raipurcontact,0.2,0.2,0.2,0.2,0.2,Neutral
253,many medical amp educational honble,0.2,0.2,0.2,0.2,0.2,Neutral
254,hybrid forward undergraduate medical delhiread ani,0.2,0.2,0.2,0.2,0.2,Neutral
255,rajwanshi aiims raebareli discuss vital promoting wellbeing,0.2,0.2,0.2,0.2,0.2,Neutral
256,anurag samantaray asish kiit,0.2,0.2,0.2,0.2,0.2,Neutral
257,srinivasaiims mansukhmandviya delhieast temporary,0.2,0.2,0.2,0.2,0.2,Neutral
258,oo intellectual never built temple using public built aiims,0.2,0.2,0.2,0.2,0.2,Neutral
259,rajwanshi aiims raebareli discuss vital promoting wellbeing,0.2,0.2,0.2,0.2,0.2,Neutral
260,taking still made many psu,0.2,0.2,0.2,0.2,0.2,Neutral
261,anurag samantaray asish kiit,0.2,0.2,0.2,0.2,0.2,Neutral
262,tough md general aiims,0.2,0.2,0.2,0.2,0.2,Neutral
263,aiims patna apply,0.2,0.2,0.2,0.2,0.2,Neutral
264,there several currently hiring opened,0.2,0.2,0.2,0.2,0.2,Neutral
265,rajwanshi aiims raebareli discuss vital promoting wellbeing,0.2,0.2,0.2,0.2,0.2,Neutral
266,told made cooper,0.2,0.2,0.2,0.2,0.2,Neutral
267,made uturn aiims,0.2,0.2,0.2,0.2,0.2,Neutral
268,dear india amp apollos primary,0.2,0.2,0.2,0.2,0.2,Neutral
269,get daily pg nextpg aiims pg,0.2,0.2,0.2,0.2,0.2,Neutral
270,told made cooper,0.2,0.2,0.2,0.2,0.2,Neutral
271,made uturn aiims,0.2,0.2,0.2,0.2,0.2,Neutral
272,gorakhpur view here aiimsgkp,0.2,0.2,0.2,0.2,0.2,Neutral
273,anurag samantaray asish kiit,0.2,0.2,0.2,0.2,0.2,Neutral
274,told made cooper,0.2,0.2,0.2,0.2,0.2,Neutral
275,made uturn aiims,0.2,0.2,0.2,0.2,0.2,Neutral
276,anurag samantaray asish kiit,0.2,0.2,0.2,0.2,0.2,Neutral
277,rajwanshi aiims raebareli discuss vital promoting wellbeing,0.2,0.2,0.2,0.2,0.2,Neutral
278,gorakhpur view here,0.2,0.2,0.2,0.2,0.2,Neutral
279,anurag samantaray asish kiit,0.2,0.2,0.2,0.2,0.2,Neutral
280,anurag samantaray asish kiit,0.2,0.2,0.2,0.2,0.2,Neutral
281,drdhruvchauhan dundarajodhpur drvipinyogi,0.2,0.2,0.2,0.2,0.2,Neutral
282,ini ss,0.2,0.2,0.2,0.2,0.2,Neutral
283,told made cooper,0.2,0.2,0.2,0.2,0.2,Neutral
284,made uturn aiims,0.2,0.2,0.2,0.2,0.2,Neutral
285,strangulation hanging different performing nearly roopkumar,0.2,0.2,0.2,0.2,0.2,Neutral
286,told made cooper,0.2,0.2,0.2,0.2,0.2,Neutral
287,aiims bibi sanctioned medical,0.2,0.2,0.2,0.2,0.2,Neutral
288,made uturn aiims,0.2,0.2,0.2,0.2,0.2,Neutral
289,hybrid forward ug medical delhi,0.2,0.2,0.2,0.2,0.2,Neutral
290,hybrid forward undergraduate medical delhi,0.2,0.2,0.2,0.2,0.2,Neutral
291,inicet psm aiims aiimsexam,0.2,0.2,0.2,0.2,0.2,Neutral
292,leak selective suddenly take,0.2,0.2,0.2,0.2,0.2,Neutral
293,anurag samantaray asish kiit,0.2,0.2,0.2,0.2,0.2,Neutral
294,sunday provide free,1.090000,0.287500,0.332500,0.287500,0.272500,Happiness
295,hybrid forward undergraduate medical delhi,0.2,0.2,0.2,0.2,0.2,Neutral
296,raipur phd end check,0.2,0.2,0.2,0.2,0.2,Neutral
297,told made cooper,0.2,0.2,0.2,0.2,0.2,Neutral
298,made uturn aiims,0.2,0.2,0.2,0.2,0.2,Neutral
299,captivating thoughtprovoking showcasing,0.2,0.2,0.2,0.2,0.2,Neutral
300,told made cooper,0.2,0.2,0.2,0.2,0.2,Neutral
301,made uturn aiims,0.2,0.2,0.2,0.2,0.2,Neutral
302,anurag samantaray asish kiit,0.2,0.2,0.2,0.2,0.2,Neutral
303,dear india amp apollos primary,0.2,0.2,0.2,0.2,0.2,Neutral
304,streaming lineup exceptional engaging get ready,0.2,0.2,0.2,0.2,0.2,Neutral
305,told made cooper,0.2,0.2,0.2,0.2,0.2,Neutral
306,made uturn aiims,0.2,0.2,0.2,0.2,0.2,Neutral
307,rainbowhospital horrible terrifying,0.2,0.2,0.2,0.2,0.2,Neutral
308,horrible terrifying take necessary,0.2,0.2,0.2,0.2,0.2,Neutral
309,anurag samantaray asish kiit,0.2,0.2,0.2,0.2,0.2,Neutral
310,hybrid forward undergraduate medical delhi hybrid,0.2,0.2,0.2,0.2,0.2,Neutral
311,claims former peddles dangerous,0.630000,1.160000,2.045000,1.195000,0.820000,Fear
312,vande airports chenab atal upi,0.2,0.2,0.2,0.2,0.2,Neutral
313,face worked hard mbbs medical,1.192500,1.015000,1.017500,0.937500,0.785000,Happiness
314,ini ss declared,0.2,0.2,0.2,0.2,0.2,Neutral
315,recall not feature,0.2,0.2,0.2,0.2,0.2,Neutral
316,oo intellectual never built temple using public built aiims,0.2,0.2,0.2,0.2,0.2,Neutral
317,anurag samantaray asish kiit,0.2,0.2,0.2,0.2,0.2,Neutral
318,anurag samantaray asish kiit,0.2,0.2,0.2,0.2,0.2,Neutral
319,like inform facing mother critical,1.729000,0.800500,0.722000,0.805000,0.640500,Happiness
320,name autonomous started targeting,1.270000,0.745000,0.660000,0.695000,0.630000,Happiness
321,like inform facing came,0.998400,0.588800,0.595200,0.640000,0.556800,Happiness
322,newly elected rda aiims bhubaneswar formal,0.2,0.2,0.2,0.2,0.2,Neutral
323,like inform facing came,0.798720,0.471040,0.476160,0.512000,0.445440,Happiness
324,like inform facing mother critical,0.871988,0.404666,0.365464,0.407300,0.324426,Happiness
325,hybrid forward ug medical delhi,0.2,0.2,0.2,0.2,0.2,Neutral
326,anurag samantaray asish kiit,0.2,0.2,0.2,0.2,0.2,Neutral
327,ini ss declared,0.2,0.2,0.2,0.2,0.2,Neutral
328,inicet psm aiims aiimsexam,0.2,0.2,0.2,0.2,0.2,Neutral
329,inicet psm aiims aiimsexam,0.2,0.2,0.2,0.2,0.2,Neutral
330,face worked hard mbbs medical,0.365994,0.371708,0.371482,0.321150,0.264088,Anger
331,old,0.2,0.2,0.2,0.2,0.2,Neutral
332,oo intellectual never built temple using public built aiims,0.2,0.2,0.2,0.2,0.2,Neutral
333,drdhruvchauhan dundarajodhpur drvipinyogi aiimsu complicated shitty,0.2,0.2,0.2,0.2,0.2,Neutral
334,anurag samantaray asish kiit,0.2,0.2,0.2,0.2,0.2,Neutral
335,aiims rishikeshby,0.2,0.2,0.2,0.2,0.2,Neutral
336,aiims rishikeshby,0.2,0.2,0.2,0.2,0.2,Neutral
337,santosh drdattaaiims oh come onthere definitely otherwise,0.2,0.2,0.2,0.2,0.2,Neutral
338,drdattaaiims pbmci represent,0.2,0.2,0.2,0.2,0.2,Neutral
339,anurag samantaray asish kiit,0.2,0.2,0.2,0.2,0.2,Neutral
340,santosh drdattaaiims oh come onthere definitely otherwise,0.2,0.2,0.2,0.2,0.2,Neutral
341,drdattaaiims oh come onthere definitely,0.2,0.2,0.2,0.2,0.2,Neutral
342,new aiming more increased pm,0.2,0.2,0.2,0.2,0.2,Neutral
343,oo intellectual never built temple using public built aiims,0.2,0.2,0.2,0.2,0.2,Neutral
344,drdattaaiims pbmci represent,0.2,0.2,0.2,0.2,0.2,Neutral
345,ini ss declared,0.2,0.2,0.2,0.2,0.2,Neutral
346,anurag samantaray asish kiit,0.2,0.2,0.2,0.2,0.2,Neutral
347,anurag samantaray asish kiit,0.2,0.2,0.2,0.2,0.2,Neutral
348,oo intellectual never built temple using public built aiims,0.2,0.2,0.2,0.2,0.2,Neutral
349,neemgi drdattaaiims pbmci represen,0.2,0.2,0.2,0.2,0.2,Neutral
350,died first second india low notable,0.2,0.2,0.2,0.2,0.2,Neutral
351,went give exam sneaking make,0.2,0.2,0.2,0.2,0.2,Neutral
352,anurag samantaray asish kiit,0.2,0.2,0.2,0.2,0.2,Neutral
353,oo intellectual never built temple using public built aiims,0.2,0.2,0.2,0.2,0.2,Neutral
354,died first second india low notable,0.2,0.2,0.2,0.2,0.2,Neutral
355,told made cooper,0.2,0.2,0.2,0.2,0.2,Neutral
356,made uturn aiims,0.2,0.2,0.2,0.2,0.2,Neutral
357,many amp commit suicide disappointed guilty getting,0.543333,1.476667,1.528333,1.820000,1.221667,Sadness
358,ultimate live ug precise live,0.2,0.2,0.2,0.2,0.2,Neutral
359,told made cooper,0.2,0.2,0.2,0.2,0.2,Neutral
360,made uturn aiims,0.2,0.2,0.2,0.2,0.2,Neutral
361,died first second india low notable,0.2,0.2,0.2,0.2,0.2,Neutral
362,leak selective suddenly take,0.2,0.2,0.2,0.2,0.2,Neutral
363,kindly request exam turn exam,0.2,0.2,0.2,0.2,0.2,Neutral
364,drdhruvchauhan dundarajodhpur drvipinyogi last,0.2,0.2,0.2,0.2,0.2,Neutral
365,drdhruvchauhan dundarajodhpur drvipinyogi read med,0.2,0.2,0.2,0.2,0.2,Neutral
366,started aiimsdeoghar deoghar inaugurated,0.2,0.2,0.2,0.2,0.2,Neutral
367,faimaindia,0.2,0.2,0.2,0.2,0.2,Neutral
368,preeti right longest surviving cadaveric cardiac,0.2,0.2,0.2,0.2,0.2,Neutral
369,face worked hard mbbs medical,0.182997,0.185854,0.185741,0.160575,0.132044,Anger
370,leak selective suddenly take,0.2,0.2,0.2,0.2,0.2,Neutral
371,preeti right longest surviving cadaveric cardiac,0.2,0.2,0.2,0.2,0.2,Neutral
372,late wish u hope u get result u aiims,1.531250,0.465000,0.525000,0.578750,0.410000,Happiness
373,inicet inicet neetpg neetpg,0.2,0.2,0.2,0.2,0.2,Neutral
374,anurag samantaray asish kiit,0.2,0.2,0.2,0.2,0.2,Neutral
375,kalyani apply online senior more,0.2,0.2,0.2,0.2,0.2,Neutral
376,doctor bullying internet dont take,1.370000,0.875000,1.365000,0.880000,0.705000,Happiness
377,anurag samantaray asish kiit,0.2,0.2,0.2,0.2,0.2,Neutral
378,died first second india low notable,0.2,0.2,0.2,0.2,0.2,Neutral
379,expanding aiims institutes medical,0.2,0.2,0.2,0.2,0.2,Neutral
380,died first second india low notable,0.2,0.2,0.2,0.2,0.2,Neutral
381,preeti right longest surviving cadaveric cardiac,0.2,0.2,0.2,0.2,0.2,Neutral
382,kerala chapterid pm extrapulmonary guest manish,0.2,0.2,0.2,0.2,0.2,Neutral
383,made,0.2,0.2,0.2,0.2,0.2,Neutral
384,anurag samantaray asish kiit,0.2,0.2,0.2,0.2,0.2,Neutral
385,inicet inicet neetpg neetpg,0.2,0.2,0.2,0.2,0.2,Neutral
386,there iit indore good amp still struggle,2.210000,0.585000,0.605000,0.570000,0.565000,Happiness
387,didnt,0.2,0.2,0.2,0.2,0.2,Neutral
388,hybrid forward ug medical delhi,0.2,0.2,0.2,0.2,0.2,Neutral
389,promised also asking come,0.2,0.2,0.2,0.2,0.2,Neutral
390,hybrid forward ug medical delhi,0.2,0.2,0.2,0.2,0.2,Neutral
391,amazing national prof nk,0.2,0.2,0.2,0.2,0.2,Neutral
392,inicet inicet neetpg neetpg,0.2,0.2,0.2,0.2,0.2,Neutral
393,inicet inicet neetpg neetpg,0.2,0.2,0.2,0.2,0.2,Neutral
394,type minimum o,0.2,0.2,0.2,0.2,0.2,Neutral
395,anurag samantaray asish kiit,0.2,0.2,0.2,0.2,0.2,Neutral
396,bibi nagar sanctioned medical hasnt given,0.2,0.2,0.2,0.2,0.2,Neutral
397,inicet inicet neetpg neetpg,0.2,0.2,0.2,0.2,0.2,Neutral
398,died first second india low notable,0.2,0.2,0.2,0.2,0.2,Neutral
399,inicet inicet neetpg,0.2,0.2,0.2,0.2,0.2,Neutral
400,amazing national prof nk,0.2,0.2,0.2,0.2,0.2,Neutral
401,lungtransplant yearold surviving,0.2,0.2,0.2,0.2,0.2,Neutral
402,rawatanil says not single set is fully f,0.2,0.2,0.2,0.2,0.2,Neutral
403,died first second india low notable,0.2,0.2,0.2,0.2,0.2,Neutral
404,aiims,0.2,0.2,0.2,0.2,0.2,Neutral
405,hybrid forward ug medical delhi,0.2,0.2,0.2,0.2,0.2,Neutral
406,new aiming more increased pm,0.2,0.2,0.2,0.2,0.2,Neutral
407,ug download admit card,0.2,0.2,0.2,0.2,0.2,Neutral
408,anurag samantaray asish kiit,0.2,0.2,0.2,0.2,0.2,Neutral
409,expanding aiims institutes medical,0.2,0.2,0.2,0.2,0.2,Neutral
410,is public supposed go r legally licensed,0.2,0.2,0.2,0.2,0.2,Neutral
411,cheapest,0.2,0.2,0.2,0.2,0.2,Neutral
412,able honble surekhakishore maam organised,0.2,0.2,0.2,0.2,0.2,Neutral
413,aiims cheapest,0.2,0.2,0.2,0.2,0.2,Neutral
414,private giving good displaying,1.105000,0.292500,0.302500,0.285000,0.282500,Happiness
415,drdhruvchauhan dundarajodhpur drvipinyogi,0.2,0.2,0.2,0.2,0.2,Neutral
416,new aiming more increased pm,0.2,0.2,0.2,0.2,0.2,Neutral
417,healthcare take,0.2,0.2,0.2,0.2,0.2,Neutral
418,th dedicated raising awareness,0.2,0.2,0.2,0.2,0.2,Neutral
419,expanding aiims institutes medical,0.2,0.2,0.2,0.2,0.2,Neutral
420,anurag samantaray asish kiit,0.2,0.2,0.2,0.2,0.2,Neutral
421,is public supposed go r legally licensed,0.2,0.2,0.2,0.2,0.2,Neutral
422,face worked hard mbbs medical,0.091499,0.092927,0.092871,0.080288,0.066022,Anger
423,is public supposed go r legally licensed,0.2,0.2,0.2,0.2,0.2,Neutral
424,amp bridges new indian,0.2,0.2,0.2,0.2,0.2,Neutral
425,aiims safdarjung,0.2,0.2,0.2,0.2,0.2,Neutral
426,know aiims safdarjung vendor,0.2,0.2,0.2,0.2,0.2,Neutral
427,set ablaze retired army repeated discriminatory,0.905000,1.175000,1.565000,1.275000,0.950000,Fear
428,aiims safdarjung iasips respect,2.040000,0.750000,0.790000,0.720000,0.615000,Happiness
429,aiims safdarjung iasips respect,1.020000,0.375000,0.395000,0.360000,0.307500,Happiness
430,aiims safdarjung respect including pl,0.510000,0.187500,0.197500,0.180000,0.153750,Happiness
431,aiims safdarjung iasips respect,0.255000,0.093750,0.098750,0.090000,0.076875,Happiness
432,anurag samantaray asish kiit,0.2,0.2,0.2,0.2,0.2,Neutral
433,anurag samantaray asish kiit,0.2,0.2,0.2,0.2,0.2,Neutral
434,give set old citygive set old citygive medical set old,0.2,0.2,0.2,0.2,0.2,Neutral
435,amazing national,0.2,0.2,0.2,0.2,0.2,Neutral
436,oo intellectual never built temple using public built aiims,0.2,0.2,0.2,0.2,0.2,Neutral
437,anurag samantaray asish kiit,0.2,0.2,0.2,0.2,0.2,Neutral
438,drdhruvchauhan dundarajodhpur drvipinyogi read,0.2,0.2,0.2,0.2,0.2,Neutral
439,national tribal live,0.2,0.2,0.2,0.2,0.2,Neutral
440,medical taxfree refer,0.2,0.2,0.2,0.2,0.2,Neutral
441,anurag samantaray asish kiit,0.2,0.2,0.2,0.2,0.2,Neutral
442,anurag samantaray asish kiit,0.2,0.2,0.2,0.2,0.2,Neutral
443,anurag samantaray asish kiit,0.2,0.2,0.2,0.2,0.2,Neutral
444,counselling start immediately aiims exam faima,0.2,0.2,0.2,0.2,0.2,Neutral
445,medical taxfree refer,0.2,0.2,0.2,0.2,0.2,Neutral
446,honble tribal announced centre,0.2,0.2,0.2,0.2,0.2,Neutral
447,anurag samantaray asish kiit,0.2,0.2,0.2,0.2,0.2,Neutral
448,counselling start immediately aiims exam,0.2,0.2,0.2,0.2,0.2,Neutral
449,ini ss released know,0.2,0.2,0.2,0.2,0.2,Neutral
450,yet surfaced national minor killed,0.2,0.2,0.2,0.2,0.2,Neutral
451,oo intellectual never built temple using public built aiims,0.2,0.2,0.2,0.2,0.2,Neutral
452,hybrid forward ug medical delhi,0.2,0.2,0.2,0.2,0.2,Neutral
453,new stateofart surgical training set come delhi first centr,0.2,0.2,0.2,0.2,0.2,Neutral
454,upma remainwith,0.2,0.2,0.2,0.2,0.2,Neutral
455,oo intellectual never built temple using public built aiims,0.2,0.2,0.2,0.2,0.2,Neutral
456,anurag samantaray asish kiit,0.2,0.2,0.2,0.2,0.2,Neutral
457,typewriting,0.2,0.2,0.2,0.2,0.2,Neutral
458,aiims getting,0.2,0.2,0.2,0.2,0.2,Neutral
459,aiims safdarjung vendor,0.2,0.2,0.2,0.2,0.2,Neutral
460,great aiimsrblbest ankitbusy given,0.2,0.2,0.2,0.2,0.2,Neutral
461,aiims safdarjung vendor,0.2,0.2,0.2,0.2,0.2,Neutral
462,aiims safdarjung iasips respect,0.127500,0.046875,0.049375,0.045000,0.038437,Happiness
463,aiims safdarjung vendor,0.2,0.2,0.2,0.2,0.2,Neutral
464,aiims safdarjung respect including pl,0.063750,0.023438,0.024688,0.022500,0.019219,Happiness
465,there respect including aiims street,0.495937,0.368359,0.501172,0.348125,0.344805,Fear
466,there respect even aiims safdarjung,0.015938,0.005859,0.006172,0.005625,0.004805,Happiness
467,aiims safdarjung respect including pl,0.007969,0.002930,0.003086,0.002812,0.002402,Happiness
468,aiims safdarjung vendor honored,2.075000,0.650000,0.670000,0.670000,0.640000,Happiness
469,u,0.2,0.2,0.2,0.2,0.2,Neutral
470,hybrid forward undergraduate medical,0.2,0.2,0.2,0.2,0.2,Neutral
471,ankitbusy narendramodi drbharatippawar big,0.2,0.2,0.2,0.2,0.2,Neutral
472,honour spend maam,0.2,0.2,0.2,0.2,0.2,Neutral
473,done kmy contoura,0.2,0.2,0.2,0.2,0.2,Neutral
474,done kmy contoura,0.2,0.2,0.2,0.2,0.2,Neutral
475,warm karnataka commitment tripling,0.2,0.2,0.2,0.2,0.2,Neutral
476,sunday provide free,0.545000,0.143750,0.166250,0.143750,0.136250,Happiness
477,oo intellectual never built temple using public built aiims,0.2,0.2,0.2,0.2,0.2,Neutral
478,patna alumnuss sunday provide free alumnuss,0.272500,0.071875,0.083125,0.071875,0.068125,Happiness
479,oo intellectual never built temple using public built aiims,0.2,0.2,0.2,0.2,0.2,Neutral
480,first aiims built surprised know second built,1.830000,0.715000,0.950000,0.695000,0.570000,Happiness
481,drravikhandal fordaindia,0.2,0.2,0.2,0.2,0.2,Neutral
482,long took took almost,0.2,0.2,0.2,0.2,0.2,Neutral
483,denied securityhe h,0.2,0.2,0.2,0.2,0.2,Neutral
484,due come foolish unrest,0.2,0.2,0.2,0.2,0.2,Neutral
485,medical taxfree refer,0.2,0.2,0.2,0.2,0.2,Neutral
486,santosh neemgi drdattaaiims license necessary open,0.2,0.2,0.2,0.2,0.2,Neutral
487,anurag samantaray asish kiit,0.2,0.2,0.2,0.2,0.2,Neutral
488,made uturn aiims,0.2,0.2,0.2,0.2,0.2,Neutral
489,told made cooper,0.2,0.2,0.2,0.2,0.2,Neutral
490,oo intellectual never built temple using public built aiims,0.2,0.2,0.2,0.2,0.2,Neutral
491,send,0.2,0.2,0.2,0.2,0.2,Neutral
492,aiimsnewdelhi officeofmm max hospital,0.000000,0.000000,0.000000,0.000000,0.000000,
493,mohfwindia aiimsnewdelhi delhigovdigital,0.2,0.2,0.2,0.2,0.2,Neutral
494,long awaited kosi needed,0.2,0.2,0.2,0.2,0.2,Neutral
495,died first second india low notable,0.2,0.2,0.2,0.2,0.2,Neutral
496,set ablaze retired army repeated discriminatory,0.452500,0.587500,0.782500,0.637500,0.475000,Fear
497,leak selective suddenly take,0.2,0.2,0.2,0.2,0.2,Neutral
498,type minimum o,0.2,0.2,0.2,0.2,0.2,Neutral
499,set ablaze retired army repeated discriminatory,0.226250,0.293750,0.391250,0.318750,0.237500,Fear
500,died first second india low notable,0.2,0.2,0.2,0.2,0.2,Neutral
501,ini ss released know,0.2,0.2,0.2,0.2,0.2,Neutral
502,happening,0.2,0.2,0.2,0.2,0.2,Neutral
503,told made cooper,0.2,0.2,0.2,0.2,0.2,Neutral
504,made uturn aiims,0.2,0.2,0.2,0.2,0.2,Neutral
505,oo intellectual never built temple using public built aiims,0.2,0.2,0.2,0.2,0.2,Neutral
506,died first second india low notable,0.2,0.2,0.2,0.2,0.2,Neutral
507,drravikhandal fordaindia,0.2,0.2,0.2,0.2,0.2,Neutral
508,medical taxfree refer,0.2,0.2,0.2,0.2,0.2,Neutral
509,oo intellectual never built temple using public built aiims,0.2,0.2,0.2,0.2,0.2,Neutral
510,give set old citygive set old citygive medical set old,0.2,0.2,0.2,0.2,0.2,Neutral
511,anurag samantaray asish kiit,0.2,0.2,0.2,0.2,0.2,Neutral
512,hybrid forward undergraduate medical delhiread ani,0.2,0.2,0.2,0.2,0.2,Neutral
513,oo intellectual never built temple using public built aiims,0.2,0.2,0.2,0.2,0.2,Neutral
514,neemgi drdattaaiims licensing b done away say,0.2,0.2,0.2,0.2,0.2,Neutral
515,hybrid forward undergraduate medical,0.2,0.2,0.2,0.2,0.2,Neutral
516,i saw medicine missed,1.370000,0.675000,1.000000,0.855000,0.740000,Happiness
517,leak selective suddenly take,0.2,0.2,0.2,0.2,0.2,Neutral
518,told made cooper,0.2,0.2,0.2,0.2,0.2,Neutral
519,made uturn aiims,0.2,0.2,0.2,0.2,0.2,Neutral
520,neemgi drdattaaiims licensing b done away say,0.2,0.2,0.2,0.2,0.2,Neutral
521,aiims,0.2,0.2,0.2,0.2,0.2,Neutral
522,get daily pg nextpg aiims pg,0.2,0.2,0.2,0.2,0.2,Neutral
523,long took took almost,0.2,0.2,0.2,0.2,0.2,Neutral
524,rishikesh inaugurated geriatric enhance,0.2,0.2,0.2,0.2,0.2,Neutral
525,sksamy used seal wounds international surgical,0.610000,1.235000,1.415000,1.505000,1.160000,Sadness
526,jpnadda lived made striking wore animal,0.2,0.2,0.2,0.2,0.2,Neutral
527,patna called turned find elderly first,0.2,0.2,0.2,0.2,0.2,Neutral
528,preeti right longest surviving cadaveric cardiac,0.2,0.2,0.2,0.2,0.2,Neutral
529,long took took almost,0.2,0.2,0.2,0.2,0.2,Neutral
530,anurag samantaray asish kiit,0.2,0.2,0.2,0.2,0.2,Neutral
531,santosh neemgi drdattaaiims licensing b done away befor,0.2,0.2,0.2,0.2,0.2,Neutral
532,counselling start immediately aiims exam faima,0.2,0.2,0.2,0.2,0.2,Neutral
533,adds norcet nursingofficerrec,0.2,0.2,0.2,0.2,0.2,Neutral
534,told made cooper,0.2,0.2,0.2,0.2,0.2,Neutral
535,made uturn aiims,0.2,0.2,0.2,0.2,0.2,Neutral
536,swept sweep aside dastardly incumbent,0.2,0.2,0.2,0.2,0.2,Neutral
537,oo intellectual never built temple using public built aiims,0.2,0.2,0.2,0.2,0.2,Neutral
538,aiims lung transplant,0.2,0.2,0.2,0.2,0.2,Neutral
539,irks pgi,0.2,0.2,0.2,0.2,0.2,Neutral
540,anurag samantaray asish kiit,0.2,0.2,0.2,0.2,0.2,Neutral
541,participated y organized rishikesh addressed young g,0.930000,0.422500,0.467500,0.440000,0.330000,Happiness
542,died first second india low notable,0.2,0.2,0.2,0.2,0.2,Neutral
543,oo intellectual never built temple using public built aiims,0.2,0.2,0.2,0.2,0.2,Neutral
544,studied delhi get,0.2,0.2,0.2,0.2,0.2,Neutral
545,ianilradadiya,0.2,0.2,0.2,0.2,0.2,Neutral
546,oo intellectual never built temple using public built aiims,0.2,0.2,0.2,0.2,0.2,Neutral
547,sub urban,0.2,0.2,0.2,0.2,0.2,Neutral
548,anurag samantaray asish kiit,0.2,0.2,0.2,0.2,0.2,Neutral
549,anurag samantaray asish kiit,0.2,0.2,0.2,0.2,0.2,Neutral
550,died first second india low notable,0.2,0.2,0.2,0.2,0.2,Neutral
551,anurag samantaray asish kiit,0.2,0.2,0.2,0.2,0.2,Neutral
552,medical taxfree refer,0.2,0.2,0.2,0.2,0.2,Neutral
553,medical taxfree refer,0.2,0.2,0.2,0.2,0.2,Neutral
554,anurag samantaray asish kiit,0.2,0.2,0.2,0.2,0.2,Neutral
555,started aiimsdeoghar deoghar inaugurated,0.2,0.2,0.2,0.2,0.2,Neutral
556,fordaindia,0.2,0.2,0.2,0.2,0.2,Neutral
557,oo intellectual never built temple using public built aiims,0.2,0.2,0.2,0.2,0.2,Neutral
558,hybrid forward undergraduate medical,0.2,0.2,0.2,0.2,0.2,Neutral
559,type minimum o,0.2,0.2,0.2,0.2,0.2,Neutral
560,medical noida timely referral rare,1.035000,0.890000,1.080000,0.975000,0.660000,Fear
561,drsaurabh now r feeling maybe big,0.2,0.2,0.2,0.2,0.2,Neutral
562,neemgi pbmci u decidewhich,0.2,0.2,0.2,0.2,0.2,Neutral
563,set ablaze retired army repeated discriminatory,0.113125,0.146875,0.195625,0.159375,0.118750,Fear
564,oo intellectual never built temple using public built aiims,0.2,0.2,0.2,0.2,0.2,Neutral
565,drdhruvchauhan dundarajodhpur drvipinyogi anatomy,0.2,0.2,0.2,0.2,0.2,Neutral
566,anurag samantaray asish kiit,0.2,0.2,0.2,0.2,0.2,Neutral
567,wishing best focused good,0.787500,0.236875,0.255625,0.276250,0.206875,Happiness
568,type minimum o,0.2,0.2,0.2,0.2,0.2,Neutral
569,drdhruvchauhan dundarajodhpur drvipinyogi trained,0.2,0.2,0.2,0.2,0.2,Neutral
570,swept sweep aside dastardly incumbent,0.2,0.2,0.2,0.2,0.2,Neutral
571,oo intellectual never built temple using public built aiims,0.2,0.2,0.2,0.2,0.2,Neutral
572,oo intellectual never built temple using public built aiims,0.2,0.2,0.2,0.2,0.2,Neutral
573,type minimum o,0.2,0.2,0.2,0.2,0.2,Neutral
574,type minimum o,0.2,0.2,0.2,0.2,0.2,Neutral
575,oo intellectual never built temple using public built aiims,0.2,0.2,0.2,0.2,0.2,Neutral
576,adds norcet,0.2,0.2,0.2,0.2,0.2,Neutral
577,absolute guest topic facial taken,0.2,0.2,0.2,0.2,0.2,Neutral
578,able honble surekhakishore maam organised,0.2,0.2,0.2,0.2,0.2,Neutral
579,oo intellectual never built temple using public built aiims,0.2,0.2,0.2,0.2,0.2,Neutral
580,able honble organised,0.2,0.2,0.2,0.2,0.2,Neutral
581,started aiimsdeoghar deoghar inaugurated,0.2,0.2,0.2,0.2,0.2,Neutral
582,honble tribal announced centre,0.2,0.2,0.2,0.2,0.2,Neutral
583,makes yearbook indian english avid,0.2,0.2,0.2,0.2,0.2,Neutral
584,preeti right longest surviving cadaveric cardiac,0.2,0.2,0.2,0.2,0.2,Neutral
585,new robotic aiims,0.2,0.2,0.2,0.2,0.2,Neutral
586,yes saying laying constructing new,0.2,0.2,0.2,0.2,0.2,Neutral
587,preeti right longest surviving cadaveric cardiac,0.2,0.2,0.2,0.2,0.2,Neutral
588,oo intellectual never built temple using public built aiims,0.2,0.2,0.2,0.2,0.2,Neutral
589,anurag samantaray asish kiit,0.2,0.2,0.2,0.2,0.2,Neutral
590,oo intellectual never built temple using public built aiims,0.2,0.2,0.2,0.2,0.2,Neutral
591,anurag samantaray asish kiit,0.2,0.2,0.2,0.2,0.2,Neutral
592,oo intellectual never built temple using public built aiims,0.2,0.2,0.2,0.2,0.2,Neutral
593,drdhruvchauhan dundarajodhpur drvipinyogi honoured,0.2,0.2,0.2,0.2,0.2,Neutral
594,neemgi drdattaaiims dont think th,0.2,0.2,0.2,0.2,0.2,Neutral
595,died first second india low notable,0.2,0.2,0.2,0.2,0.2,Neutral
596,leak selective suddenly take,0.2,0.2,0.2,0.2,0.2,Neutral
597,oo intellectual never built temple using public built aiims,0.2,0.2,0.2,0.2,0.2,Neutral
598,aiims jodhpurgeneral,0.2,0.2,0.2,0.2,0.2,Neutral
599,neemgi drdattaaiims forcing u come,0.2,0.2,0.2,0.2,0.2,Neutral
600,aiims new endocrine surgery oral maxillofacial nuclear,0.675000,0.960000,1.890000,1.390000,1.090000,Fear
601,looking india mere,0.2,0.2,0.2,0.2,0.2,Neutral
602,died first second india low notable,0.2,0.2,0.2,0.2,0.2,Neutral
603,anurag samantaray asish kiit,0.2,0.2,0.2,0.2,0.2,Neutral
604,preeti right longest surviving cadaveric cardiac,0.2,0.2,0.2,0.2,0.2,Neutral
605,type minimum o,0.2,0.2,0.2,0.2,0.2,Neutral
606,died first second india low notable,0.2,0.2,0.2,0.2,0.2,Neutral
607,drdattaaiims come prepared,0.2,0.2,0.2,0.2,0.2,Neutral
608,leak selective suddenly take,0.2,0.2,0.2,0.2,0.2,Neutral
609,leak selective suddenly take,0.2,0.2,0.2,0.2,0.2,Neutral
610,type minimum o,0.2,0.2,0.2,0.2,0.2,Neutral
611,died first second india low notable,0.2,0.2,0.2,0.2,0.2,Neutral
612,anurag samantaray asish kiit,0.2,0.2,0.2,0.2,0.2,Neutral
613,privileged askdheeraj upcoming national,0.2,0.2,0.2,0.2,0.2,Neutral
614,lungtransplant yearold surviving,0.2,0.2,0.2,0.2,0.2,Neutral
615,died first second india low notable,0.2,0.2,0.2,0.2,0.2,Neutral
616,pg exam,0.2,0.2,0.2,0.2,0.2,Neutral
617,anurag samantaray asish kiit,0.2,0.2,0.2,0.2,0.2,Neutral
618,died first second india low notable,0.2,0.2,0.2,0.2,0.2,Neutral
619,best best spe,0.2,0.2,0.2,0.2,0.2,Neutral
620,died first second india low notable,0.2,0.2,0.2,0.2,0.2,Neutral
621,oo intellectual never built temple using public built aiims,0.2,0.2,0.2,0.2,0.2,Neutral
622,type minimum o,0.2,0.2,0.2,0.2,0.2,Neutral
623,died first second india low notable,0.2,0.2,0.2,0.2,0.2,Neutral
624,narendramodi drsaurabh,0.2,0.2,0.2,0.2,0.2,Neutral
625,oo intellectual never built temple using public built aiims,0.2,0.2,0.2,0.2,0.2,Neutral
626,privileged askdheeraj upcoming national,0.2,0.2,0.2,0.2,0.2,Neutral
627,honble tribal announced centre,0.2,0.2,0.2,0.2,0.2,Neutral
628,such poor sitting last train noida electronic miss,0.2,0.2,0.2,0.2,0.2,Neutral
629,anurag samantaray asish kiit,0.2,0.2,0.2,0.2,0.2,Neutral
630,less go international prime,0.2,0.2,0.2,0.2,0.2,Neutral
631,preeti right longest surviving cadaveric cardiac,0.2,0.2,0.2,0.2,0.2,Neutral
632,now gorakhpur going advanced aesthetic,0.2,0.2,0.2,0.2,0.2,Neutral
633,fgautier great gdp gst,0.2,0.2,0.2,0.2,0.2,Neutral
634,recall not feature,0.2,0.2,0.2,0.2,0.2,Neutral
635,leak selective suddenly take,0.2,0.2,0.2,0.2,0.2,Neutral
636,died first second india low notable,0.2,0.2,0.2,0.2,0.2,Neutral
637,recall not feature,0.2,0.2,0.2,0.2,0.2,Neutral
638,died first second india low notable,0.2,0.2,0.2,0.2,0.2,Neutral
639,anurag samantaray asish kiit,0.2,0.2,0.2,0.2,0.2,Neutral
640,need costcall call deoghar telemedicine,0.2,0.2,0.2,0.2,0.2,Neutral
641,died first second india low notable,0.2,0.2,0.2,0.2,0.2,Neutral
642,type minimum o,0.2,0.2,0.2,0.2,0.2,Neutral
643,narendramodi,0.2,0.2,0.2,0.2,0.2,Neutral
644,type minimum o,0.2,0.2,0.2,0.2,0.2,Neutral
645,died first second india low notable,0.2,0.2,0.2,0.2,0.2,Neutral
646,echoindiatrust,0.2,0.2,0.2,0.2,0.2,Neutral
647,drdattaaiims very nice instead killing giving directly fire,1.412500,0.910000,1.167500,1.025000,0.740000,Happiness
648,echoindiatrust,0.2,0.2,0.2,0.2,0.2,Neutral
649,neemgi narendramodi,0.2,0.2,0.2,0.2,0.2,Neutral
650,narendramodi,0.2,0.2,0.2,0.2,0.2,Neutral
651,drdattaaiims very nice instead killing giving directly fire,0.706250,0.455000,0.583750,0.512500,0.370000,Happiness
652,hybrid forward undergraduate medical delhiread ani,0.2,0.2,0.2,0.2,0.2,Neutral
653,died first second india low notable,0.2,0.2,0.2,0.2,0.2,Neutral
654,leak selective suddenly take,0.2,0.2,0.2,0.2,0.2,Neutral
655,neemgi narendramodi,0.2,0.2,0.2,0.2,0.2,Neutral
656,narendramodi,0.2,0.2,0.2,0.2,0.2,Neutral
657,narendramodi,0.2,0.2,0.2,0.2,0.2,Neutral
658,honble tribal announced centre,0.2,0.2,0.2,0.2,0.2,Neutral
659,started aiimsdeoghar deoghar inaugurated,0.2,0.2,0.2,0.2,0.2,Neutral
660,started aiimsdeoghar deoghar inaugurated,0.2,0.2,0.2,0.2,0.2,Neutral
661,died first second india low notable,0.2,0.2,0.2,0.2,0.2,Neutral
662,died first second india low notable,0.2,0.2,0.2,0.2,0.2,Neutral
663,india hybrid forward undergraduate medical delhi,0.2,0.2,0.2,0.2,0.2,Neutral
664,wishing best inicetmay easy fantasticneet n,0.745625,0.220625,0.238750,0.246250,0.204375,Happiness
665,privileged upcoming,0.2,0.2,0.2,0.2,0.2,Neutral
666,gave powerful emphasized optimal,1.670000,0.800000,1.125000,0.640000,0.655000,Happiness
667,oo intellectual never built temple using public built aiims,0.2,0.2,0.2,0.2,0.2,Neutral
668,got dr cfsl mediating mafia political,0.2,0.2,0.2,0.2,0.2,Neutral
669,streaming lineup exceptional engaging get ready,0.2,0.2,0.2,0.2,0.2,Neutral
670,anurag samantaray asish kiit,0.2,0.2,0.2,0.2,0.2,Neutral
671,type minimum o,0.2,0.2,0.2,0.2,0.2,Neutral
672,anurag samantaray asish kiit,0.2,0.2,0.2,0.2,0.2,Neutral
673,oo intellectual never built temple using public built aiims,0.2,0.2,0.2,0.2,0.2,Neutral
674,leak selective suddenly take,0.2,0.2,0.2,0.2,0.2,Neutral
675,started aiimsdeoghar deoghar inaugurated,0.2,0.2,0.2,0.2,0.2,Neutral
676,oo intellectual never built temple using public built aiims,0.2,0.2,0.2,0.2,0.2,Neutral
677,died first second india low notable,0.2,0.2,0.2,0.2,0.2,Neutral
678,anurag samantaray asish kiit,0.2,0.2,0.2,0.2,0.2,Neutral
679,honble tribal announced centre,0.2,0.2,0.2,0.2,0.2,Neutral
680,died first second india low notable,0.2,0.2,0.2,0.2,0.2,Neutral
681,upma hypocrites remainwi,0.2,0.2,0.2,0.2,0.2,Neutral
682,type minimum o,0.2,0.2,0.2,0.2,0.2,Neutral
683,academician best national,0.2,0.2,0.2,0.2,0.2,Neutral
684,best well presented y,2.025000,0.630000,0.680000,0.675000,0.560000,Happiness
685,started aiimsdeoghar deoghar inaugurated,0.2,0.2,0.2,0.2,0.2,Neutral
686,unforgettable witnessed serene,1.765000,0.720000,0.590000,0.585000,0.610000,Happiness
687,anurag samantaray asish kiit,0.2,0.2,0.2,0.2,0.2,Neutral
688,anurag samantaray asish kiit,0.2,0.2,0.2,0.2,0.2,Neutral
689,anurag samantaray asish kiit,0.2,0.2,0.2,0.2,0.2,Neutral
690,leak selective suddenly take,0.2,0.2,0.2,0.2,0.2,Neutral
691,drdhruvchauhan dundarajodhpur making anatomy easy,0.490000,0.138750,0.148750,0.143750,0.136250,Happiness
692,leak selective suddenly take,0.2,0.2,0.2,0.2,0.2,Neutral
693,providing providing,0.2,0.2,0.2,0.2,0.2,Neutral
694,requested proper aiims nagar patrapada instead,0.2,0.2,0.2,0.2,0.2,Neutral
695,intimated departed taking stoppage patrapada,0.2,0.2,0.2,0.2,0.2,Neutral
696,started aiimsdeoghar deoghar inaugurated,0.2,0.2,0.2,0.2,0.2,Neutral
697,future best neet candidatestoday,0.2,0.2,0.2,0.2,0.2,Neutral
698,type minimum o,0.2,0.2,0.2,0.2,0.2,Neutral
699,anurag samantaray asish kiit,0.2,0.2,0.2,0.2,0.2,Neutral
700,oo intellectual never built temple using public built aiims,0.2,0.2,0.2,0.2,0.2,Neutral
701,anurag samantaray asish kiit,0.2,0.2,0.2,0.2,0.2,Neutral
702,inaugurated labour,0.2,0.2,0.2,0.2,0.2,Neutral
703,nta only even much,0.2,0.2,0.2,0.2,0.2,Neutral
704,oo intellectual never built temple using public built aiims,0.2,0.2,0.2,0.2,0.2,Neutral
705,anurag samantaray asish kiit,0.2,0.2,0.2,0.2,0.2,Neutral
706,anurag samantaray asish kiit,0.2,0.2,0.2,0.2,0.2,Neutral
707,aiims lung transplant,0.2,0.2,0.2,0.2,0.2,Neutral
708,aiims lung transplant,0.2,0.2,0.2,0.2,0.2,Neutral
709,aiims lung transplant,0.2,0.2,0.2,0.2,0.2,Neutral
710,hybrid forward undergraduate medical delhiread ani,0.2,0.2,0.2,0.2,0.2,Neutral
711,gand dal,0.2,0.2,0.2,0.2,0.2,Neutral
712,know removed doses ml,0.2,0.2,0.2,0.2,0.2,Neutral
713,drdhruvchauhan dundarajodhpur drvipinyogi aiimsu made sense new,0.2,0.2,0.2,0.2,0.2,Neutral
714,oo intellectual never built temple using public built aiims,0.2,0.2,0.2,0.2,0.2,Neutral
715,hybrid forward undergraduate medical delhiread ani,0.2,0.2,0.2,0.2,0.2,Neutral
716,leak selective suddenly take,0.2,0.2,0.2,0.2,0.2,Neutral
717,according hybrid forward undergraduate medical,0.2,0.2,0.2,0.2,0.2,Neutral
718,hybrid forward undergraduate medical delhiread,0.2,0.2,0.2,0.2,0.2,Neutral
719,yahh getting married dr,0.2,0.2,0.2,0.2,0.2,Neutral
720,oo intellectual never built temple using public built aiims,0.2,0.2,0.2,0.2,0.2,Neutral
721,kerala chapterid pm extrapulmonary guest manish,0.2,0.2,0.2,0.2,0.2,Neutral
722,type minimum o,0.2,0.2,0.2,0.2,0.2,Neutral
723,medical taxfree refer,0.2,0.2,0.2,0.2,0.2,Neutral
724,type minimum,0.2,0.2,0.2,0.2,0.2,Neutral
725,userrlame set,0.2,0.2,0.2,0.2,0.2,Neutral
726,oo intellectual never built temple using public built aiims,0.2,0.2,0.2,0.2,0.2,Neutral
727,medical appear neet ie amp,0.2,0.2,0.2,0.2,0.2,Neutral
728,oo intellectual never built temple using public built aiims,0.2,0.2,0.2,0.2,0.2,Neutral
729,go human right social prospective together end joint,1.835000,0.615000,0.830000,0.650000,0.540000,Happiness
730,oo intellectual never built temple using public built aiims,0.2,0.2,0.2,0.2,0.2,Neutral
731,civic converted,0.2,0.2,0.2,0.2,0.2,Neutral
732,streaming lineup exceptional engaging get ready,0.2,0.2,0.2,0.2,0.2,Neutral
733,captivating thoughtprovoking showcasing,0.2,0.2,0.2,0.2,0.2,Neutral
734,addressing y wellbeing,0.2,0.2,0.2,0.2,0.2,Neutral
735,missed niser missed aiimsdid take aayurvedjoined bsc botany around mon,0.2,0.2,0.2,0.2,0.2,Neutral
736,oo intellectual never built temple using public built aiims,0.2,0.2,0.2,0.2,0.2,Neutral
737,oo intellectual never built temple using public built aiims,0.2,0.2,0.2,0.2,0.2,Neutral
738,oo intellectual never built temple using public built aiims,0.2,0.2,0.2,0.2,0.2,Neutral
739,aiimsnewdelhi are indian,0.2,0.2,0.2,0.2,0.2,Neutral
740,aiimsiaans,0.2,0.2,0.2,0.2,0.2,Neutral
741,kindly ask rishikesh rule pituitary so tall,0.2,0.2,0.2,0.2,0.2,Neutral
742,nitingadkari oh,0.2,0.2,0.2,0.2,0.2,Neutral
743,believe give best best think india appear,0.2,0.2,0.2,0.2,0.2,Neutral
744,leak selective suddenly take,0.2,0.2,0.2,0.2,0.2,Neutral
745,challenge dared,0.2,0.2,0.2,0.2,0.2,Neutral
746,anurag samantaray asish kiit,0.2,0.2,0.2,0.2,0.2,Neutral
747,preeti right longest surviving cadaveric cardiac,0.2,0.2,0.2,0.2,0.2,Neutral
748,ayush give allopathic raise,0.2,0.2,0.2,0.2,0.2,Neutral
749,surgical training set inaugurated aiims new provide wit,0.882500,0.360000,0.295000,0.292500,0.305000,Happiness
750,good take so,0.276250,0.073125,0.075625,0.071250,0.070625,Happiness
751,nta only even much,0.2,0.2,0.2,0.2,0.2,Neutral
752,anurag samantaray asish kiit,0.2,0.2,0.2,0.2,0.2,Neutral
753,anurag samantaray asish kiit,0.2,0.2,0.2,0.2,0.2,Neutral
754,anurag samantaray asish kiit,0.2,0.2,0.2,0.2,0.2,Neutral
755,best delhi waiting,0.2,0.2,0.2,0.2,0.2,Neutral
756,are mumbai cooper amp not being proved botch,0.2,0.2,0.2,0.2,0.2,Neutral
757,know removed doses ml,0.2,0.2,0.2,0.2,0.2,Neutral
758,anurag samantaray asish kiit,0.2,0.2,0.2,0.2,0.2,Neutral
759,honoured welfare aws international,0.2,0.2,0.2,0.2,0.2,Neutral
760,anurag samantaray asish kiit,0.2,0.2,0.2,0.2,0.2,Neutral
761,medical taxfree refer,0.2,0.2,0.2,0.2,0.2,Neutral
762,anurag samantaray asish kiit,0.2,0.2,0.2,0.2,0.2,Neutral
763,leak selective suddenly take,0.2,0.2,0.2,0.2,0.2,Neutral
764,told made cooper,0.2,0.2,0.2,0.2,0.2,Neutral
765,made uturn aiims,0.2,0.2,0.2,0.2,0.2,Neutral
766,medical taxfree refer,0.2,0.2,0.2,0.2,0.2,Neutral
767,remove negative,0.2,0.2,0.2,0.2,0.2,Neutral
768,anurag samantaray asish kiit,0.2,0.2,0.2,0.2,0.2,Neutral
769,anurag samantaray asish kiit,0.2,0.2,0.2,0.2,0.2,Neutral
770,excelsbig kiitiansmr anurag asish,0.2,0.2,0.2,0.2,0.2,Neutral
771,anurag samantaray asish kiit,0.2,0.2,0.2,0.2,0.2,Neutral
772,anurag samantaray asish kiit,0.2,0.2,0.2,0.2,0.2,Neutral
773,preeti right longest surviving cadaveric cardiac,0.2,0.2,0.2,0.2,0.2,Neutral
774,neet anchal sir neetug,0.2,0.2,0.2,0.2,0.2,Neutral
775,medical taxfree refer,0.2,0.2,0.2,0.2,0.2,Neutral
776,aiims organ procurement,0.2,0.2,0.2,0.2,0.2,Neutral
777,anurag samantaray asish kiit,0.2,0.2,0.2,0.2,0.2,Neutral
778,become new want,0.2,0.2,0.2,0.2,0.2,Neutral
779,leak selective suddenly take,0.2,0.2,0.2,0.2,0.2,Neutral
780,registering aiimsrda opd dont w,0.2,0.2,0.2,0.2,0.2,Neutral
781,anurag samantaray asish kiit,0.2,0.2,0.2,0.2,0.2,Neutral
782,told made cooper,0.2,0.2,0.2,0.2,0.2,Neutral
783,made uturn aiims,0.2,0.2,0.2,0.2,0.2,Neutral
784,anurag samantaray asish kiit,0.2,0.2,0.2,0.2,0.2,Neutral
785,itsssr there many keep going little itsssr,0.2,0.2,0.2,0.2,0.2,Neutral
786,anurag samantaray asish kiit,0.2,0.2,0.2,0.2,0.2,Neutral
787,anurag samantaray asish kiit,0.2,0.2,0.2,0.2,0.2,Neutral
788,delhi cheap cystic,0.2,0.2,0.2,0.2,0.2,Neutral
789,medical taxfree refer,0.2,0.2,0.2,0.2,0.2,Neutral
790,pressurising buy medicine outside admitted general,0.685000,0.337500,0.500000,0.427500,0.370000,Happiness
791,anurag samantaray asish kiit,0.2,0.2,0.2,0.2,0.2,Neutral
792,anurag samantaray asish kiit,0.2,0.2,0.2,0.2,0.2,Neutral
793,medical taxfree refer,0.2,0.2,0.2,0.2,0.2,Neutral
794,medical taxfree refer,0.2,0.2,0.2,0.2,0.2,Neutral
795,anurag samantaray asish kiit,0.2,0.2,0.2,0.2,0.2,Neutral
796,are mumbai cooper amp not being proved botch,0.2,0.2,0.2,0.2,0.2,Neutral
797,anurag samantaray asish kiit,0.2,0.2,0.2,0.2,0.2,Neutral
798,anurag samantaray asish kiit,0.2,0.2,0.2,0.2,0.2,Neutral
799,inicet manipur shifted guwahaticentre digital,0.2,0.2,0.2,0.2,0.2,Neutral
800,drdhruvchauhan dundarajodhpur drvipinyogi aiimsu,0.2,0.2,0.2,0.2,0.2,Neutral
801,inicet aiimscardiodocdexterq most common sudden cardiac,0.2,0.2,0.2,0.2,0.2,Neutral
802,inicet manipur shifted guwahaticentre digital,0.2,0.2,0.2,0.2,0.2,Neutral
803,anurag samantaray asish kiit,0.2,0.2,0.2,0.2,0.2,Neutral
804,anurag samantaray asish kiit,0.2,0.2,0.2,0.2,0.2,Neutral
805,drdhruvchauhan dundarajodhpur drvipinyogi agree,0.2,0.2,0.2,0.2,0.2,Neutral
806,preeti right longest surviving cadaveric cardiac,0.2,0.2,0.2,0.2,0.2,Neutral
807,wishing best inicetmay easy fantasticneet n,0.250312,0.075625,0.082187,0.087188,0.068125,Happiness
808,nta only even much,0.2,0.2,0.2,0.2,0.2,Neutral
809,wishing best inicetmay easy,0.125156,0.037812,0.041094,0.043594,0.034063,Happiness
810,ajitanjum ani,0.2,0.2,0.2,0.2,0.2,Neutral
811,anurag samantaray asish kiit,0.2,0.2,0.2,0.2,0.2,Neutral
812,anurag samantaray asish kiit,0.2,0.2,0.2,0.2,0.2,Neutral
813,anurag samantaray asish kiit,0.2,0.2,0.2,0.2,0.2,Neutral
814,anurag samantaray asish kiit,0.2,0.2,0.2,0.2,0.2,Neutral
815,drdhruvchauhan dundarajodhpur making,0.2,0.2,0.2,0.2,0.2,Neutral
816,medical taxfree refer,0.2,0.2,0.2,0.2,0.2,Neutral
817,anurag samantaray asish kiit,0.2,0.2,0.2,0.2,0.2,Neutral
818,anurag samantaray asish kiit,0.2,0.2,0.2,0.2,0.2,Neutral
819,anurag samantaray asish kiit,0.2,0.2,0.2,0.2,0.2,Neutral
820,nta only even much,0.2,0.2,0.2,0.2,0.2,Neutral
821,leak selective suddenly take,0.2,0.2,0.2,0.2,0.2,Neutral
822,best milte hai mai,0.2,0.2,0.2,0.2,0.2,Neutral
823,anurag samantaray asish kiit,0.2,0.2,0.2,0.2,0.2,Neutral
824,anurag samantaray asish kiit,0.2,0.2,0.2,0.2,0.2,Neutral
825,delhis proved sitting better virtually read,0.2,0.2,0.2,0.2,0.2,Neutral
826,anurag samantaray asish kiit,0.2,0.2,0.2,0.2,0.2,Neutral
827,anurag samantaray asish kiit,0.2,0.2,0.2,0.2,0.2,Neutral
828,nta only even much,0.2,0.2,0.2,0.2,0.2,Neutral
829,nta only even much,0.2,0.2,0.2,0.2,0.2,Neutral
830,nta only even much,0.2,0.2,0.2,0.2,0.2,Neutral
831,streaming lineup exceptional engaging get ready,0.2,0.2,0.2,0.2,0.2,Neutral
832,streaming lineup exceptional engaging get ready,0.2,0.2,0.2,0.2,0.2,Neutral
833,captivating thoughtprovoking showcasing,0.2,0.2,0.2,0.2,0.2,Neutral
834,nta only even much,0.2,0.2,0.2,0.2,0.2,Neutral
835,nta only even much,0.2,0.2,0.2,0.2,0.2,Neutral
836,nta only even much,0.2,0.2,0.2,0.2,0.2,Neutral
837,nta only even much,0.2,0.2,0.2,0.2,0.2,Neutral
838,nta only even much,0.2,0.2,0.2,0.2,0.2,Neutral
839,nta only even much,0.2,0.2,0.2,0.2,0.2,Neutral
840,nta only even much,0.2,0.2,0.2,0.2,0.2,Neutral
841,nta only even much,0.2,0.2,0.2,0.2,0.2,Neutral
842,nta only even much,0.2,0.2,0.2,0.2,0.2,Neutral
843,nta only even much,0.2,0.2,0.2,0.2,0.2,Neutral
844,nta only even much,0.2,0.2,0.2,0.2,0.2,Neutral
845,nta only even,0.2,0.2,0.2,0.2,0.2,Neutral
846,questioning criminal attacked attacking also,0.515000,1.660000,1.775000,1.380000,1.525000,Fear
847,very nice instead killing giving directly,0.533750,0.138750,0.142500,0.145000,0.140000,Happiness
848,anurag samantaray asish kiit,0.2,0.2,0.2,0.2,0.2,Neutral
849,anurag samantaray asish kiit,0.2,0.2,0.2,0.2,0.2,Neutral
850,hands host nationwide tribal,0.965000,0.630000,0.615000,0.615000,0.590000,Happiness
851,drdhruvchauhan dundarajodhpur drvipinyogi know ns,0.2,0.2,0.2,0.2,0.2,Neutral
852,drdhruvchauhan dundarajodhpur drvipinyogi,0.2,0.2,0.2,0.2,0.2,Neutral
853,drdhruvchauhan dundarajodhpur drvipinyogi first medical,0.2,0.2,0.2,0.2,0.2,Neutral
854,drdhruvchauhan dundarajodhpur drvipinyogi thank dr,0.2,0.2,0.2,0.2,0.2,Neutral
855,drdhruvchauhan dundarajodhpur drvipinyogi well written,0.2,0.2,0.2,0.2,0.2,Neutral
856,drdhruvchauhan dundarajodhpur first still quite,0.2,0.2,0.2,0.2,0.2,Neutral
857,drdhruvchauhan dundarajodhpur drvipinyogi sguptamd anatomy,0.2,0.2,0.2,0.2,0.2,Neutral
858,drdhruvchauhan dundarajodhpur drvipinyogi legendary,0.2,0.2,0.2,0.2,0.2,Neutral
859,drdhruvchauhan dundarajodhpur drvipinyogi aiimsu contribute making,0.2,0.2,0.2,0.2,0.2,Neutral
860,drdhruvchauhan dundarajodhpur drvipinyogi remember,0.2,0.2,0.2,0.2,0.2,Neutral
861,drdhruvchauhan dundarajodhpur drvipinyogi trained,0.2,0.2,0.2,0.2,0.2,Neutral
862,anurag samantaray asish kiit,0.2,0.2,0.2,0.2,0.2,Neutral
863,drdhruvchauhan dundarajodhpur drvipinyogi trained,0.2,0.2,0.2,0.2,0.2,Neutral
864,drdhruvchauhan dundarajodhpur drvipinyogi,0.2,0.2,0.2,0.2,0.2,Neutral
865,norcet,0.2,0.2,0.2,0.2,0.2,Neutral
866,say still looking aiims leakwhy,0.2,0.2,0.2,0.2,0.2,Neutral
867,narendramodi officeofmm drbharatippawar get,0.2,0.2,0.2,0.2,0.2,Neutral
868,able travel current going kindly reschedule,1.930000,0.610000,0.915000,0.645000,0.565000,Happiness
869,asadowaisi old mila,0.2,0.2,0.2,0.2,0.2,Neutral
870,anurag samantaray asish kiit,0.2,0.2,0.2,0.2,0.2,Neutral
871,anurag samantaray asish kiit,0.2,0.2,0.2,0.2,0.2,Neutral
872,medical noida timely referral rare,0.517500,0.445000,0.540000,0.487500,0.330000,Fear
873,livefrom youth rishikesh discussing vital empowering,1.037500,0.430000,0.392500,0.450000,0.352500,Happiness
874,verify regarding international,0.2,0.2,0.2,0.2,0.2,Neutral
875,anurag samantaray asish kiit,0.2,0.2,0.2,0.2,0.2,Neutral
876,anurag samantaray asish kiit,0.2,0.2,0.2,0.2,0.2,Neutral
877,drdhruvchauhan dundarajodhpur drvipinyogi,0.2,0.2,0.2,0.2,0.2,Neutral
878,kerala chapterid pm extrapulmonary guest manish,0.2,0.2,0.2,0.2,0.2,Neutral
879,anurag samantaray asish kiit,0.2,0.2,0.2,0.2,0.2,Neutral
880,anurag samantaray asish kiit,0.2,0.2,0.2,0.2,0.2,Neutral
881,best neetugneetpg,0.2,0.2,0.2,0.2,0.2,Neutral
882,best neetugneetpg,0.2,0.2,0.2,0.2,0.2,Neutral
883,addressing y wellbeing,0.2,0.2,0.2,0.2,0.2,Neutral
884,pm drrakesh,0.2,0.2,0.2,0.2,0.2,Neutral
885,best neetugneetpg neetpg,0.2,0.2,0.2,0.2,0.2,Neutral
886,anurag samantaray asish kiit,0.2,0.2,0.2,0.2,0.2,Neutral
887,drdhruvchauhan dundarajodhpur drvipinyogi,0.2,0.2,0.2,0.2,0.2,Neutral
888,able honble surekhakishore maam aiimsgkp,0.2,0.2,0.2,0.2,0.2,Neutral
889,anurag samantaray asish kiit,0.2,0.2,0.2,0.2,0.2,Neutral
890,anurag samantaray asish kiit,0.2,0.2,0.2,0.2,0.2,Neutral
891,anurag samantaray asish kiit,0.2,0.2,0.2,0.2,0.2,Neutral
892,anurag samantaray asish kiit,0.2,0.2,0.2,0.2,0.2,Neutral
893,providing providing,0.2,0.2,0.2,0.2,0.2,Neutral
894,drdhruvchauhan dundarajodhpur drvipinyogi,0.2,0.2,0.2,0.2,0.2,Neutral
895,anurag samantaray asish kiit,0.2,0.2,0.2,0.2,0.2,Neutral
896,rishikesh took institute,0.2,0.2,0.2,0.2,0.2,Neutral
897,anurag samantaray asish kiit,0.2,0.2,0.2,0.2,0.2,Neutral
898,anurag samantaray asish kiit,0.2,0.2,0.2,0.2,0.2,Neutral
899,anurag samantaray asish kiit,0.2,0.2,0.2,0.2,0.2,Neutral
900,anurag samantaray asish kiit,0.2,0.2,0.2,0.2,0.2,Neutral
901,anurag samantaray asish kiit,0.2,0.2,0.2,0.2,0.2,Neutral
902,anurag samantaray asish kiit,0.2,0.2,0.2,0.2,0.2,Neutral
903,participated y organized rishikesh addressed young g,0.465000,0.211250,0.233750,0.220000,0.165000,Happiness
904,anurag samantaray asish kiit,0.2,0.2,0.2,0.2,0.2,Neutral
905,anurag samantaray asish kiit,0.2,0.2,0.2,0.2,0.2,Neutral
906,sister idc much gets hardwork come true,0.2,0.2,0.2,0.2,0.2,Neutral
907,anurag samantaray asish kiit,0.2,0.2,0.2,0.2,0.2,Neutral
908,anurag samantaray asish kiit,0.2,0.2,0.2,0.2,0.2,Neutral
909,theliverdr helping promote ayurveda nuclear magnetic,0.2,0.2,0.2,0.2,0.2,Neutral
910,anurag samantaray asish kiit,0.2,0.2,0.2,0.2,0.2,Neutral
911,anurag samantaray asish kiit,0.2,0.2,0.2,0.2,0.2,Neutral
912,new declared institute national combined entrance,0.2,0.2,0.2,0.2,0.2,Neutral
913,medical taxfree refer,0.2,0.2,0.2,0.2,0.2,Neutral
914,anurag samantaray asish kiit,0.2,0.2,0.2,0.2,0.2,Neutral
915,anurag samantaray asish kiit,0.2,0.2,0.2,0.2,0.2,Neutral
916,anurag samantaray asish kiit,0.2,0.2,0.2,0.2,0.2,Neutral
917,inicet manipur shifted guwahaticentre,0.2,0.2,0.2,0.2,0.2,Neutral
918,anurag samantaray asish kiit,0.2,0.2,0.2,0.2,0.2,Neutral
919,anurag samantaray asish kiit,0.2,0.2,0.2,0.2,0.2,Neutral
920,anurag samantaray asish kiit,0.2,0.2,0.2,0.2,0.2,Neutral
921,anurag samantaray asish kiit,0.2,0.2,0.2,0.2,0.2,Neutral
922,jejunojejunal small,0.2,0.2,0.2,0.2,0.2,Neutral
923,anurag samantaray asish kiit,0.2,0.2,0.2,0.2,0.2,Neutral
924,anurag samantaray asish,0.2,0.2,0.2,0.2,0.2,Neutral
925,still muz always much ahead darbhanga even airport proposed darb,0.2,0.2,0.2,0.2,0.2,Neutral
926,providing providing,0.2,0.2,0.2,0.2,0.2,Neutral
927,nihfwofficial injecting putrid biological,0.710000,0.955000,0.945000,0.905000,1.595000,Disgust
928,mine definitely just delhi,0.2,0.2,0.2,0.2,0.2,Neutral
929,ini ss declared check,0.2,0.2,0.2,0.2,0.2,Neutral
930,build built nonewas primitive,0.2,0.2,0.2,0.2,0.2,Neutral
931,drdhruvchauhan dundarajodhpur,0.2,0.2,0.2,0.2,0.2,Neutral
932,drdhruvchauhan dundarajodhpur drvipinyogi know ns,0.2,0.2,0.2,0.2,0.2,Neutral
933,drdhruvchauhan dundarajodhpur drvipinyogi true simplified difficult,0.2,0.2,0.2,0.2,0.2,Neutral
934,medical appear neet ie amp,0.2,0.2,0.2,0.2,0.2,Neutral
935,aiims rishikesh honble,0.2,0.2,0.2,0.2,0.2,Neutral
936,are mumbai cooper amp not being proved botch,0.2,0.2,0.2,0.2,0.2,Neutral
937,leak selective suddenly take,0.2,0.2,0.2,0.2,0.2,Neutral
938,raebareli marching patient central scientific,1.090000,0.850000,0.910000,1.000000,0.660000,Happiness
939,then dont know,0.2,0.2,0.2,0.2,0.2,Neutral
940,medical taxfree refer,0.2,0.2,0.2,0.2,0.2,Neutral
941,addressing y wellbeing,0.2,0.2,0.2,0.2,0.2,Neutral
942,shit load unethical poor,0.2,0.2,0.2,0.2,0.2,Neutral
943,aiims opened july aiims,0.2,0.2,0.2,0.2,0.2,Neutral
944,rotating immediately implemented help decreasing involved,0.2,0.2,0.2,0.2,0.2,Neutral
945,rishikesh inaugurated geriatric enhance,0.2,0.2,0.2,0.2,0.2,Neutral
946,raebareli marching patient central,0.545000,0.425000,0.455000,0.500000,0.330000,Happiness
947,ini shifted guwahati new,0.2,0.2,0.2,0.2,0.2,Neutral
948,medical taxfree refer,0.2,0.2,0.2,0.2,0.2,Neutral
949,drdhruvchauhan dundarajodhpur drvipinyogi aiimsu contribute making,0.2,0.2,0.2,0.2,0.2,Neutral
950,cdcglobal yalemed drjaswantjangra aiimsnewdelhi pypayurved,0.2,0.2,0.2,0.2,0.2,Neutral
951,participated y organized rishikesh addressed young g,0.232500,0.105625,0.116875,0.110000,0.082500,Happiness
952,drdhruvchauhan dundarajodhpur drvipinyogi legendary,0.2,0.2,0.2,0.2,0.2,Neutral
953,medical taxfree refer,0.2,0.2,0.2,0.2,0.2,Neutral
954,give set old citygive set old citygive medical set old,0.2,0.2,0.2,0.2,0.2,Neutral
955,leak selective suddenly take,0.2,0.2,0.2,0.2,0.2,Neutral
956,stay high iit give middle forced,0.2,0.2,0.2,0.2,0.2,Neutral
957,told made cooper,0.2,0.2,0.2,0.2,0.2,Neutral
958,made uturn aiims,0.2,0.2,0.2,0.2,0.2,Neutral
959,medical taxfree refer,0.2,0.2,0.2,0.2,0.2,Neutral
960,medical taxfree refer,0.2,0.2,0.2,0.2,0.2,Neutral
961,best aspiring goodluck studyhard,0.2,0.2,0.2,0.2,0.2,Neutral
962,drdhruvchauhan dundarajodhpur drvipinyogi sguptamd anatomy,0.2,0.2,0.2,0.2,0.2,Neutral
963,echo hands host,0.482500,0.315000,0.307500,0.307500,0.295000,Happiness
964,many amp commit suicide disappointed guilty getting,0.271667,0.738333,0.764167,0.910000,0.610833,Sadness
965,made,0.2,0.2,0.2,0.2,0.2,Neutral
966,going autonomous senior also gender,1.295000,0.725000,0.655000,0.705000,0.710000,Happiness
967,many amp commit suicide disappointed guilty getting,0.135833,0.369167,0.382083,0.455000,0.305417,Sadness
968,many amp commit suicide disappointed guilty getting,0.067917,0.184583,0.191042,0.227500,0.152708,Sadness
969,thought u med actually mbbs thought guide u,0.705000,0.480000,0.492500,0.497500,0.430000,Happiness
970,medical taxfree refer,0.2,0.2,0.2,0.2,0.2,Neutral
971,drdhruvchauhan dundarajodhpur first still,0.2,0.2,0.2,0.2,0.2,Neutral
972,drdhruvchauhan dundarajodhpur drvipinyogi well wri,0.2,0.2,0.2,0.2,0.2,Neutral
973,are mumbai cooper amp not being proved botch,0.2,0.2,0.2,0.2,0.2,Neutral
974,u forgot neet pan india postponing particular,0.2,0.2,0.2,0.2,0.2,Neutral
975,kerala chapterid pm extrapulmonary guest manish,0.2,0.2,0.2,0.2,0.2,Neutral
976,leak selective suddenly take,0.2,0.2,0.2,0.2,0.2,Neutral
977,potential taken lakhs mbbs aiims build und,0.2,0.2,0.2,0.2,0.2,Neutral
978,justicefordishasalian demands ssr casehere,0.2,0.2,0.2,0.2,0.2,Neutral
979,followed latha venkatesh aiims always,0.2,0.2,0.2,0.2,0.2,Neutral
980,medical taxfree refer,0.2,0.2,0.2,0.2,0.2,Neutral
981,justicefordishasalian demands ssr casehere,0.2,0.2,0.2,0.2,0.2,Neutral
982,streaming lineup exceptional engaging get ready,0.2,0.2,0.2,0.2,0.2,Neutral
983,addressing y wellbeing,0.2,0.2,0.2,0.2,0.2,Neutral
984,visited similipal odisha rich,0.2,0.2,0.2,0.2,0.2,Neutral
985,helps fight better improved,0.720000,1.850000,1.545000,1.380000,1.075000,Anger
986,back single made aiims ps,0.2,0.2,0.2,0.2,0.2,Neutral
987,are mumbai cooper amp not being proved botch,0.2,0.2,0.2,0.2,0.2,Neutral
988,are mumbai cooper amp not being proved botch,0.2,0.2,0.2,0.2,0.2,Neutral
989,started bedded covid im wrong,2.075000,0.580000,0.675000,0.870000,0.590000,Happiness
990,medical taxfree refer,0.2,0.2,0.2,0.2,0.2,Neutral
991,essiguddabuild iim thenbuild thenbuild medical,0.2,0.2,0.2,0.2,0.2,Neutral
